{"doh-rollout@mozilla.org":{"permissions":["internal:privateBrowsingAllowed"],"origins":[]},"formautofill@mozilla.org":{"permissions":["internal:privateBrowsingAllowed"],"origins":[]},"screenshots@mozilla.org":{"permissions":["internal:privateBrowsingAllowed"],"origins":[]},"webcompat@mozilla.org":{"permissions":["internal:privateBrowsingAllowed"],"origins":[]},"default-theme@mozilla.org":{"permissions":["internal:privateBrowsingAllowed"],"origins":[]},"google@search.mozilla.org":{"permissions":["internal:privateBrowsingAllowed"],"origins":[]},"amazondotcom@search.mozilla.org":{"permissions":["internal:privateBrowsingAllowed"],"origins":[]},"wikipedia@search.mozilla.org":{"permissions":["internal:privateBrowsingAllowed"],"origins":[]},"bing@search.mozilla.org":{"permissions":["internal:privateBrowsingAllowed"],"origins":[]},"ddg@search.mozilla.org":{"permissions":["internal:privateBrowsingAllowed"],"origins":[]},"ebay@search.mozilla.org":{"permissions":["internal:privateBrowsingAllowed"],"origins":[]},"proxy-failover@mozilla.com":{"permissions":["internal:privateBrowsingAllowed"],"origins":[]}}